Method,Rand_score,Homogeneity_score,completeness_score,adjusted_rand_score
single,0.8164989939637827,0.009097854375205655,0.011311499109328889,-0.049437940021004316
complete,0.7086519114688129,0.3151129193023284,0.13864231244219766,0.21557975437654125
average,0.7303822937625755,0.14104804665972853,0.08318896939597084,0.06957549015005711
