Method,Rand_score,Homogeneity_score,completeness_score
single,0.8164989939637827,0.009097854375205655,0.011311499109328889
complete,0.7086519114688129,0.3151129193023284,0.13864231244219766
average,0.7303822937625755,0.14104804665972853,0.08318896939597084
