Method,Rand_score,Homogeneity_score,completeness_score
single,0.8164989939637827,0.009097854375205655,0.011311499109328889
complete,0.32515090543259556,0.25240272362277344,0.05209013349683924
average,0.8164989939637827,0.009097854375205655,0.011311499109328889
