Method,Rand_score,Homogeneity_score,completeness_score
single,0.8164989939637827,0.009097854375205655,0.011311499109328889
complete,0.7303822937625755,0.3142154694629256,0.15067745887649434
average,0.8164989939637827,0.009097854375205655,0.011311499109328889
