Method,Rand_score,Homogeneity_score,completeness_score,adjusted_rand_score
single,0.8164989939637827,0.009097854375205655,0.011311499109328889,-0.049437940021004316
complete,0.7303822937625755,0.3142154694629256,0.15067745887649434,0.23801194320569993
average,0.8164989939637827,0.009097854375205655,0.011311499109328889,-0.049437940021004316
