Method,Rand_score,Homogeneity_score,completeness_score,adjusted_rand_score
single,0.8164989939637827,0.009097854375205655,0.011311499109328889,-0.049437940021004316
complete,0.710261569416499,0.13627374851280483,0.07557404435263423,0.055411428191312444
average,0.7303822937625755,0.14104804665972853,0.08318896939597084,0.06957549015005711
