Method,Rand_score,Homogeneity_score,completeness_score
single,0.8164989939637827,0.009097854375205655,0.011311499109328889
complete,0.710261569416499,0.13627374851280483,0.07557404435263423
average,0.7303822937625755,0.14104804665972853,0.08318896939597084
