Method,Rand_score,Homogeneity_score,completeness_score,adjusted_rand_score
single,0.8164989939637827,0.009097854375205655,0.011311499109328889,-0.049437940021004316
complete,0.8164989939637827,0.009097854375205655,0.011311499109328889,-0.049437940021004316
average,0.8164989939637827,0.009097854375205655,0.011311499109328889,-0.049437940021004316
