Method,Rand_score,Homogeneity_score,completeness_score
single,0.8164989939637827,0.009097854375205655,0.011311499109328889
complete,0.8164989939637827,0.009097854375205655,0.011311499109328889
average,0.8164989939637827,0.009097854375205655,0.011311499109328889
