Method,Rand_score,Homogeneity_score,completeness_score
single,0.9279279279279279,0.883691856911752,0.8944183313749764
complete,0.9324324324324325,0.8985051676374485,0.8379036763832718
average,0.9324324324324325,0.8985051676374485,0.8379036763832717
