Method,Rand_score,Homogeneity_score,completeness_score,adjusted_rand_score
single,0.990990990990991,0.9810585460105886,0.9637158477250908,0.9621676891615542
complete,0.990990990990991,0.9810585460105886,0.963715847725091,0.9621676891615542
average,0.990990990990991,0.9810585460105885,0.9637158477250907,0.9621676891615542
