Method,Rand_score,Homogeneity_score,completeness_score,adjusted_rand_score
single,0.9279279279279279,0.883691856911752,0.8944183313749764,0.8191957468468978
complete,0.9324324324324325,0.8985051676374485,0.8379036763832718,0.8214775015189602
average,0.9324324324324325,0.8985051676374485,0.8379036763832717,0.8214775015189602
