Method,Rand_score,Homogeneity_score,completeness_score
single,0.45045045045045046,0.26284560557383063,0.47732448966525814
complete,0.493993993993994,0.2661855631984439,0.42240515117802124
average,0.493993993993994,0.2661855631984439,0.42240515117802124
