Method,Rand_score,Homogeneity_score,completeness_score,adjusted_rand_score
single,0.45045045045045046,0.26284560557383063,0.47732448966525814,-0.0019236460491269607
complete,0.493993993993994,0.2661855631984439,0.42240515117802124,-0.025270659175003426
average,0.493993993993994,0.2661855631984439,0.42240515117802124,-0.025270659175003426
