Method,Rand_score,Homogeneity_score,completeness_score,adjusted_rand_score
single,0.45045045045045046,0.17087074233314448,0.27855805372256676,0.005832306901699118
complete,0.45045045045045046,0.17087074233314448,0.2785580537225668,0.005832306901699118
average,0.45045045045045046,0.1708707423331445,0.27855805372256687,0.005832306901699118
