Method,Rand_score,Homogeneity_score,completeness_score,adjusted_rand_score
single,0.4864864864864865,0.30442550204904567,0.5528330865163911,0.06377626516720923
complete,0.7717717717717718,0.3214343392881655,0.2849662461149377,-0.1089785723675562
average,0.6696696696696697,0.28508447863349673,0.3079353713970712,-0.08324707969835872
