Method,Rand_score,Homogeneity_score,completeness_score,adjusted_rand_score
single,0.3888888888888889,0.12546455661950834,0.2864663683690943,0.0033825767881698054
complete,0.6426426426426426,0.16356145210245976,0.1301944119771609,-0.05015304297128623
average,0.5075075075075075,0.09324781298529315,0.10376304935687045,-0.08437825763216679
