Method,Rand_score,Homogeneity_score,completeness_score,adjusted_rand_score
single,0.8198198198198198,0.7431495113091046,0.7584954058532105,0.5526648680719587
complete,0.7327327327327328,0.6042350672448077,0.6830626075069551,0.37319304182308466
average,0.8198198198198198,0.7431495113091046,0.7584954058532106,0.5526648680719587
