Method,Rand_score,Homogeneity_score,completeness_score
single,0.8183183183183184,0.7598399088058789,0.6642965889543302
complete,0.8498498498498499,0.7963935891767102,0.7002324098170217
average,0.8018018018018018,0.7207940455083018,0.6788876835244434
