Method,Rand_score,Homogeneity_score,completeness_score
single,0.990990990990991,0.9810585460105886,0.9637158477250908
complete,0.990990990990991,0.9810585460105885,0.9637158477250907
average,0.990990990990991,0.9810585460105886,0.9637158477250908
