Method,Rand_score,Homogeneity_score,completeness_score,adjusted_rand_score
single,0.8995215311004785,0.005003058815419698,0.005003058815419698,-0.02648290674780741
complete,0.6524265208475735,0.038196351031724474,0.009072773612428604,-0.04004957440249633
average,0.8995215311004785,0.005003058815419698,0.005003058815419698,-0.02648290674780741
