Method,Rand_score,Homogeneity_score,completeness_score,adjusted_rand_score
single,0.8995215311004785,0.005003058815419698,0.005003058815419698,-0.02648290674780741
complete,0.6134654818865345,0.1694362663296347,0.03655525834644405,0.033127160216087345
average,0.8995215311004785,0.005003058815419698,0.005003058815419698,-0.02648290674780741
