Method,Rand_score,Homogeneity_score,completeness_score,adjusted_rand_score
single,0.8995215311004785,0.005003058815419698,0.005003058815419698,-0.02648290674780741
complete,0.8995215311004785,0.005003058815419698,0.005003058815419698,-0.02648290674780741
average,0.8995215311004785,0.005003058815419698,0.005003058815419698,-0.02648290674780741
