Method,Rand_score,Homogeneity_score,completeness_score
single,0.796923076923077,0.6064395737746495,0.7151985773381291
complete,0.8369230769230769,0.6493961048163961,0.6868688276629128
average,0.8369230769230769,0.6493961048163961,0.6868688276629128
