Method,Rand_score,Homogeneity_score,completeness_score
single,0.4584615384615385,0.2778597491877481,0.4893797269033781
complete,0.4584615384615385,0.2778597491877481,0.4893797269033781
average,0.4584615384615385,0.2778597491877481,0.4893797269033781
