Method,Rand_score,Homogeneity_score,completeness_score,adjusted_rand_score
single,0.4584615384615385,0.2778597491877481,0.4893797269033781,0.02195472265918884
complete,0.4584615384615385,0.2778597491877481,0.4893797269033781,0.02195472265918884
average,0.4584615384615385,0.2778597491877481,0.4893797269033781,0.02195472265918884
