Method,Rand_score,Homogeneity_score,completeness_score,adjusted_rand_score
single,0.47384615384615386,0.3230852624149478,0.6411780208238099,0.10744398940014455
complete,0.6615384615384615,0.19721852826221273,0.19899856749063166,-0.07003891050583658
average,0.38153846153846155,0.1693380933834979,0.3360594746852351,-0.04914478438930378
