Method,Rand_score,Homogeneity_score,completeness_score
single,0.47384615384615386,0.3230852624149478,0.6411780208238099
complete,0.6615384615384615,0.19721852826221273,0.19899856749063166
average,0.38153846153846155,0.1693380933834979,0.3360594746852351
