Method,Rand_score,Homogeneity_score,completeness_score
single,0.6461538461538462,0.4640895407106041,0.6387893889241764
complete,0.9384615384615385,0.864802914348417,0.8726083833677604
average,0.9353846153846154,0.8572648662669013,0.8759817338701705
