Method,Rand_score,Homogeneity_score,completeness_score,adjusted_rand_score
single,0.6461538461538462,0.4640895407106041,0.6387893889241764,0.233065889643568
complete,0.9384615384615385,0.864802914348417,0.8726083833677604,0.8054474708171206
average,0.9353846153846154,0.8572648662669013,0.8759817338701705,0.7993060252300996
